date,store,actual,naive,model
2023-08-10,store_0,-1.4587889824692932,-1.4797759422401324,-1.3672442036144616
2023-08-11,store_0,-1.4587889824692932,-1.4378020226984538,-1.4171271005758228
2023-08-12,store_0,-1.181294736610418,-1.4004918719947397,-1.2071926513398814
2023-08-13,store_0,-1.2885614198835966,-1.2885614198835966,-1.3643083059917702
2023-08-14,store_0,-1.5777150878373825,-1.4774440578211503,-1.4691358988112988
2023-08-15,store_0,-1.538073052714686,-1.470448404564204,-1.4734225576508448
2023-08-16,store_0,-1.5660556657424718,-1.5147542085248646,-1.442751107069274
2023-08-17,store_0,-1.3958281031567752,-1.4587889824692932,-1.3432380917723676
2023-08-18,store_0,-1.360849836872043,-1.4587889824692932,-1.3607184589775076
2023-08-19,store_0,-1.3841686810618643,-1.181294736610418,-1.3241647496409408
2023-08-21,store_0,-1.4797759422401324,-1.5777150878373825,-1.5096303749696434
2023-08-22,store_0,-1.4960991331730074,-1.538073052714686,-1.495692854024307
2023-08-23,store_0,-1.4867715954970788,-1.5660556657424718,-1.4377816453642736
2023-08-24,store_0,-1.4774440578211503,-1.3958281031567752,-1.4095828842732754
2023-08-25,store_0,-1.5007629020109716,-1.360849836872043,-1.3580931431357295
2023-08-26,store_0,-1.4144831785086325,-1.3841686810618643,-1.216517568718899
2023-08-27,store_0,-1.3048846108164716,-1.364539851776806,-1.3045763390423728
2023-08-28,store_0,-1.4121512940896503,-1.4797759422401324,-1.4784516317694076
2023-08-29,store_0,-1.5310773994577396,-1.4960991331730074,-1.3463814497208082
2023-08-30,store_0,-1.4168150629276146,-1.4867715954970788,-1.4743614405651524
2023-08-31,store_0,-1.4774440578211503,-1.4774440578211503,-1.3648977743968258
2023-09-01,store_0,-1.2372599626659897,-1.5007629020109716,-1.1934628576454887
2023-09-02,store_0,-1.3212078017493467,-1.4144831785086325,-1.1732523500579768
2023-09-03,store_0,-1.0716961689182571,-1.3048846108164716,-1.3673768549016663
2023-09-04,store_0,-1.4517933292123466,-1.4121512940896503,-1.4545806692335306
2023-09-05,store_0,-1.4541252136313287,-1.5310773994577396,-1.5392336580016848
2023-09-06,store_0,-1.5030947864299538,-1.4168150629276146,-1.5157756675776644
2023-09-07,store_0,-1.442465791536418,-1.4774440578211503,-1.4861593586546435
2023-09-08,store_0,-1.491435364335043,-1.2372599626659897,-1.439556632901314
2023-09-09,store_0,-1.3865005654808469,-1.3212078017493467,-1.4101159931939398
2023-09-10,store_0,-1.2745701133697038,-1.0716961689182571,-1.4286777778876376
2023-09-11,store_0,-1.407487525251686,-1.4517933292123466,-1.5396783848185362
2023-09-12,store_0,-1.4937672487540252,-1.4541252136313287,-1.4686889128684872
2023-09-13,store_0,-1.4354701382794717,-1.5030947864299538,-1.4740411679966132
2023-09-14,store_0,-1.5264136306197753,-1.442465791536418,-1.4128245031193423
2023-09-15,store_0,-1.3865005654808469,-1.491435364335043,-1.383304192288849
2023-09-16,store_0,-1.178962852191436,-1.3865005654808469,-1.3171517073609214
2023-09-17,store_0,-1.1346570482307752,-1.2745701133697038,-1.3525415194555057
2023-09-18,store_0,-1.4494614447933645,-1.407487525251686,-1.4216089429209806
2023-09-19,store_0,-1.3865005654808469,-1.4937672487540252,-1.3441629133678343
2023-09-20,store_0,-1.5124223241058825,-1.4354701382794717,-1.4645205332831468
2023-09-21,store_0,-1.4378020226984538,-1.5264136306197753,-1.4349556361477418
2023-09-22,store_0,-1.342194761520186,-1.3865005654808469,-1.3648518012135697
2023-09-23,store_0,-1.2116092340571858,-1.178962852191436,-1.249707980329192
2023-09-24,store_0,-1.1253295105548464,-1.1346570482307752,-1.2920498461127692
2023-09-25,store_0,-1.4051556408327035,-1.4494614447933645,-1.5043771497512695
2023-09-26,store_0,-1.3561860680340787,-1.3865005654808469,-1.474868519687057
2023-09-27,store_0,-1.4541252136313287,-1.5124223241058825,-1.4291800389969753
2023-09-28,store_0,-1.4657846357262396,-1.4378020226984538,-1.411445492289278
2023-09-29,store_0,-1.398159987575757,-1.342194761520186,-1.3607597689951505
2023-09-30,store_0,-1.244255615922936,-1.2116092340571858,-1.2479996225643812
2023-10-01,store_0,-1.164971545677543,-1.1253295105548464,-1.186826677112364
2023-10-02,store_0,-1.3351991082632395,-1.4051556408327035,-1.253753300088975
2023-10-03,store_0,-1.2325961938280252,-1.3561860680340787,-1.4262309949752099
2023-10-04,store_0,-1.3538541836150966,-1.4541252136313287,-1.424883103310969
2023-10-05,store_0,-1.4004918719947397,-1.4657846357262396,-1.2988134954616157
2023-10-06,store_0,-1.2815657666266502,-1.398159987575757,-1.1732135509122252
2023-10-07,store_0,-1.069364284499275,-1.244255615922936,-1.1090518856538152
2023-10-08,store_0,-0.9667613700640608,-1.164971545677543,-1.303569584289806
2023-10-09,store_0,-1.4960991331730074,-1.3351991082632395,-1.4232827369111214
2023-10-10,store_0,-1.470448404564204,-1.2325961938280252,-1.3251992131702122
2023-10-11,store_0,-1.3701773745479715,-1.3538541836150966,-1.4175713497997395
2023-10-12,store_0,-1.4331382538604895,-1.4004918719947397,-1.436767116818591
2023-10-13,store_0,-1.3328672238442574,-1.2815657666266502,-1.289255862532958
2023-10-14,store_0,-1.0064034051867572,-1.069364284499275,-1.1785680655839794
2023-10-15,store_0,-1.0157309428626855,-0.9667613700640608,-1.1186062455033765
2023-10-16,store_0,-1.4378020226984538,-1.4960991331730074,-1.4178606091553152
2023-10-17,store_0,-1.4564570980503109,-1.470448404564204,-1.4279151554608922
2023-10-18,store_0,-1.5170860929438468,-1.3701773745479715,-1.4032556786631116
2023-10-19,store_0,-1.491435364335043,-1.4331382538604895,-1.4534332608323717
2023-10-20,store_0,-1.4844397110780967,-1.3328672238442574,-1.2661040162074972
2023-10-21,store_0,-1.1836266210294002,-1.0064034051867572,-1.1368444021697526
2023-10-22,store_0,-1.2675744601127572,-1.0157309428626855,-1.4406557162528564
2023-10-23,store_0,-1.4681165201452218,-1.4378020226984538,-1.583103924069633
2023-10-24,store_0,-1.5450687059716324,-1.4564570980503109,-1.6234835132783154
2023-10-25,store_0,-1.491435364335043,-1.5170860929438468,-1.5175476131197245
2023-10-26,store_0,-1.489103479916061,-1.491435364335043,-1.4037035526922599
2023-10-27,store_0,-1.4774440578211503,-1.4844397110780967,-1.4130369674284435
2023-10-28,store_0,-1.633680313892954,-1.1836266210294002,-1.1129784576472566
2023-10-29,store_0,-1.3212078017493467,-1.2675744601127572,-1.4532897926422104
2023-10-30,store_0,-1.3678454901289896,-1.4681165201452218,-1.5985105159466029
2023-10-31,store_0,-1.2512512691798825,-1.5450687059716324,-1.1024334443627226
2023-11-01,store_0,-1.3865005654808469,-1.491435364335043,-1.422007802994012
2023-11-02,store_0,-1.4564570980503109,-1.489103479916061,-1.3012078345793614
2023-11-03,store_0,-1.377173027804918,-1.4774440578211503,-1.3511115863152867
2023-11-04,store_0,-1.2092773496382037,-1.633680313892954,-1.2231566831655565
2023-11-05,store_0,-1.2256005405710788,-1.3212078017493467,-1.1865338059860842
2023-11-06,store_0,-1.5637237813234897,-1.3678454901289896,-1.4433058974312414
2023-11-07,store_0,-1.4984310175919895,-1.2512512691798825,-1.4946020979955454
2023-11-08,store_0,-1.4284744850225253,-1.3865005654808469,-1.4722879250843375
2023-11-09,store_0,-1.4471295603743823,-1.4564570980503109,-1.4384487301335978
2023-11-10,store_0,-1.4354701382794717,-1.377173027804918,-1.4232915400583086
2023-11-11,store_0,-1.2395918470849716,-1.2092773496382037,-1.2314706859985478
2023-11-12,store_0,-1.230264309409043,-1.2256005405710788,-1.32040575094544
2023-11-13,store_0,-1.5637237813234897,-1.5637237813234897,-1.5498239532900062
2023-11-14,store_0,-1.5264136306197753,-1.4984310175919895,-1.4288119435731297
2023-11-15,store_0,-1.4774440578211503,-1.4284744850225253,-1.4718142513374437
2023-11-16,store_0,-1.5264136306197753,-1.4471295603743823,-1.379729927391609
2023-11-17,store_0,-1.393496218737793,-1.4354701382794717,-1.3785086476317239
2023-11-18,store_0,-1.3655136057100077,-1.2395918470849716,-1.1946744309113646
2023-11-19,store_0,-1.2232686561520965,-1.230264309409043,-1.4521711070456227
2023-11-20,store_0,-1.538073052714686,-1.5637237813234897,-1.5644951102798776
2023-11-21,store_0,-1.4937672487540252,-1.5264136306197753,-1.5126343229143717
2023-11-22,store_0,-1.521749861781811,-1.4774440578211503,-1.451242786537656
2023-11-23,store_0,-1.540404937133668,-1.5264136306197753,-1.4095277388204108
2023-11-24,store_0,-1.4541252136313287,-1.393496218737793,-1.4193164559008127
2023-11-25,store_0,-1.1463164703256858,-1.3655136057100077,-1.212178480599169
2023-11-26,store_0,-1.1952860431243109,-1.2232686561520965,-1.4171067203859808
2023-11-27,store_0,-1.5124223241058825,-1.538073052714686,-1.5851601858405016
2023-11-28,store_0,-1.5567281280665433,-1.4937672487540252,-1.5477120270777238
2023-11-29,store_0,-1.5147542085248646,-1.521749861781811,-1.4941104446013618
2023-11-30,store_0,-1.4657846357262396,-1.540404937133668,-1.4135287973507171
2023-08-10,store_1,-0.6239743604736855,-0.2998424262351675,-0.389719017265988
2023-08-11,store_1,-0.2158945871518103,-0.3371525769388818,-0.33819311635505944
2023-08-12,store_1,-0.0270119492142566,0.1315561912765291,0.11983783198194875
2023-08-13,store_1,-0.1296148636494709,0.6725533764803866,0.2879440805168582
2023-08-14,store_1,-0.5959917474458998,-0.5446902902282926,-0.5600107711343043
2023-08-15,store_1,-0.9224555661034,-0.3931178029944532,-0.6325906841272432
2023-08-16,store_1,-0.7848743853834534,-0.614646822797757,-0.5337318047803256
2023-08-17,store_1,-0.7638874256126141,-0.6239743604736855,-0.44502883911404173
2023-08-18,store_1,-0.859494686790882,-0.2158945871518103,-0.37667703699416727
2023-08-19,store_1,-0.728909159327882,-0.0270119492142566,-0.3544773858113266
2023-08-20,store_1,-0.5237033304574533,-0.1296148636494709,-0.025827950039994656
2023-08-21,store_1,-1.0133990584437036,-0.5959917474458998,-0.7751425990613218
2023-08-22,store_1,-1.2209367717331143,-0.9224555661034,-0.8154940208833331
2023-08-23,store_1,-0.9411106414552572,-0.7848743853834534,-0.8768533918582673
2023-08-24,store_1,-0.8921410686566321,-0.7638874256126141,-0.7317293047502731
2023-08-25,store_1,-0.582000440932007,-0.859494686790882,-0.6083015352959644
2023-08-26,store_1,-0.3021743106541496,-0.728909159327882,-0.17930944152069592
2023-08-27,store_1,0.0592677742880827,-0.5237033304574533,-0.009750030525174916
2023-08-28,store_1,-0.6333018981496141,-1.0133990584437036,-0.728724268864243
2023-08-29,store_1,-0.4117728783463104,-1.2209367717331143,-0.7524492540654419
2023-08-30,store_1,-0.388454034156489,-0.9411106414552572,-0.5659881268481725
2023-08-31,store_1,-0.4304279536981675,-0.8921410686566321,-0.381207543616638
2023-09-01,store_1,0.0779228496399398,-0.582000440932007,-0.3713286337586296
2023-09-02,store_1,1.4257520438116191,-0.3021743106541496,0.10053655334152531
2023-09-03,store_1,0.6538983011285294,0.0592677742880827,0.3312686350450936
2023-09-04,store_1,-0.502716370686614,-0.6333018981496141,-0.343884375576538
2023-09-05,store_1,-0.7918700386404,-0.4117728783463104,-0.5087520144220259
2023-09-06,store_1,-0.7568917723556677,-0.388454034156489,-0.6157623665097003
2023-09-07,store_1,-0.7032584307190785,-0.4304279536981675,-0.5187941048464472
2023-09-08,store_1,-0.3931178029944532,0.0779228496399398,-0.5374860222373019
2023-09-09,store_1,-0.0946365973647388,1.4257520438116191,-0.21630828244999512
2023-09-10,store_1,-0.1272829792304888,0.6538983011285294,0.017924198476766285
2023-09-11,store_1,-0.9597657168071144,-0.502716370686614,-0.7400127461548507
2023-09-12,store_1,-0.7825425009644713,-0.7918700386404,-0.6176178623884996
2023-09-13,store_1,-0.5959917474458998,-0.7568917723556677,-0.5405220657258477
2023-09-14,store_1,-0.3581395367097211,-0.7032584307190785,-0.48124224087356715
2023-09-15,store_1,-0.3371525769388818,-0.3931178029944532,-0.37693405857050305
2023-09-16,store_1,0.4836707385428329,-0.0946365973647388,0.3592303012199272
2023-09-17,store_1,0.2924562161862971,-0.1272829792304888,0.39534487650979827
2023-09-18,store_1,-0.761555541193632,-0.9597657168071144,-0.5928591417507585
2023-09-19,store_1,-0.8221845360871678,-0.7825425009644713,-0.509781436953512
2023-09-20,store_1,-0.5773366720940426,-0.5959917474458998,-0.6151828957551327
2023-09-21,store_1,-0.6402975514065605,-0.3581395367097211,-0.5268520900133362
2023-09-22,store_1,-0.2835192353022925,-0.3371525769388818,-0.21684727646934804
2023-09-23,store_1,0.8241258637142259,0.4836707385428329,0.6589683601808545
2023-09-24,store_1,0.5606229243692437,0.2924562161862971,0.3431131423957335
2023-09-25,store_1,-0.728909159327882,-0.761555541193632,-0.5939883111794231
2023-09-26,store_1,-0.6356337825685963,-0.8221845360871678,-0.5302827515391507
2023-09-27,store_1,-0.5400265213903284,-0.5773366720940426,-0.48966092544829565
2023-09-28,store_1,-0.5843323253509891,-0.6402975514065605,-0.3420312012352793
2023-09-29,store_1,-0.3184975015870246,-0.2835192353022925,-0.2600284608342615
2023-09-30,store_1,0.4486924722581007,0.8241258637142259,0.7761978974830269
2023-10-01,store_1,1.2228780993601729,0.5606229243692437,0.8029312596228544
2023-10-02,store_1,-0.260200391112471,-0.728909159327882,-0.4213422590632501
2023-10-03,store_1,0.6912084518322438,-0.6356337825685963,0.45231648154242055
2023-10-04,store_1,-0.2951786573972032,-0.5400265213903284,-0.3462078553447655
2023-10-05,store_1,-0.4560786823069711,-0.5843323253509891,-0.4205924032574077
2023-10-06,store_1,-0.1599293610962388,-0.3184975015870246,-0.004730934186180899
2023-10-07,store_1,0.5862736529780472,0.4486924722581007,0.4799744020395396
2023-10-08,store_1,0.6515664167095473,1.2228780993601729,0.9551043909497484
2023-10-09,store_1,-0.5889960941889534,-0.260200391112471,-0.6293907722726987
2023-10-10,store_1,-0.4654062199828997,0.6912084518322438,-0.40877239168461976
2023-10-11,store_1,-0.6193105916357212,-0.2951786573972032,-0.4725932149006542
2023-10-12,store_1,-0.470069988820864,-0.4560786823069711,-0.4453934723782976
2023-10-13,store_1,-0.2462090845985781,-0.1599293610962388,-0.0712878813245424
2023-10-14,store_1,0.7075316427651187,0.5862736529780472,0.640937483877085
2023-10-15,store_1,1.309157822862512,0.6515664167095473,0.7665541922145149
2023-10-16,store_1,-0.6682801644343462,-0.5889960941889534,-0.6480849686709547
2023-10-17,store_1,-0.3697989588046318,-0.4654062199828997,-0.2718365260616441
2023-10-18,store_1,-0.388454034156489,-0.6193105916357212,-0.48116079988803867
2023-10-19,store_1,-0.5400265213903284,-0.470069988820864,-0.3745951892960209
2023-10-20,store_1,-0.1016322506216852,-0.2462090845985781,0.06290812885719212
2023-10-21,store_1,0.7425099090498509,0.7075316427651187,0.7815423733874981
2023-10-22,store_1,0.9756983509480652,1.309157822862512,0.690297410269935
2023-10-23,store_1,-0.6426294358255427,-0.6682801644343462,-0.7109578036453504
2023-10-24,store_1,-0.2065670494758817,-0.3697989588046318,-0.6432041513730309
2023-10-25,store_1,-0.7032584307190785,-0.388454034156489,-0.5105966587094448
2023-10-26,store_1,-0.5703410188370962,-0.5400265213903284,-0.48885485583857086
2023-10-27,store_1,-0.3814583808995425,-0.1016322506216852,-0.19558868643382007
2023-10-28,store_1,0.2784649096724042,0.7425099090498509,0.030986542843522678
2023-10-29,store_1,0.5582910399502615,0.9756983509480652,0.08057158178379395
2023-10-30,store_1,-0.5796685565130247,-0.6426294358255427,-0.7604006728500112
2023-10-31,store_1,-0.292846772978221,-0.2065670494758817,0.6852185819908639
2023-11-01,store_1,-0.5237033304574533,-0.7032584307190785,-0.5203010591714252
2023-11-02,store_1,-0.5306989837143997,-0.5703410188370962,-0.4711476661946599
2023-11-03,store_1,-0.2975105418161853,-0.3814583808995425,-0.21817477151319334
2023-11-04,store_1,0.3833997085266007,0.2784649096724042,0.2687513977593675
2023-11-05,store_1,0.8917505118647081,0.5582910399502615,0.7202331866766692
2023-11-06,store_1,-0.7638874256126141,-0.5796685565130247,-0.6975061818507207
2023-11-07,store_1,-0.5353627525523641,-0.292846772978221,-0.4371011703003243
2023-11-08,store_1,-0.728909159327882,-0.5237033304574533,-0.5788102288741849
2023-11-09,store_1,-0.7452323502607571,-0.5306989837143997,-0.4568002712835632
2023-11-10,store_1,-0.4094409939273282,-0.2975105418161853,-0.3445944039015879
2023-11-11,store_1,0.5932693062349937,0.3833997085266007,0.3253940057804666
2023-11-12,store_1,0.9453838535012976,0.8917505118647081,0.7598447779682308
2023-11-13,store_1,-0.7009265463000963,-0.7638874256126141,-0.7723904999746999
2023-11-14,store_1,-0.7895381542214177,-0.5353627525523641,-0.6343311677723023
2023-11-15,store_1,-0.7312410437468642,-0.728909159327882,-0.5974163024251452
2023-11-16,store_1,-0.6659482800153641,-0.7452323502607571,-0.5118947598887148
2023-11-17,store_1,-0.551685943485239,-0.4094409939273282,-0.25381764001686147
2023-11-18,store_1,0.3134431759571364,0.5932693062349937,0.25703360912700757
2023-11-19,store_1,0.856772245579976,0.9453838535012976,0.7112795094065637
2023-11-20,store_1,-0.761555541193632,-0.7009265463000963,-0.757887944295116
2023-11-21,store_1,-0.8011975763163285,-0.7895381542214177,-0.6646757330749625
2023-11-22,store_1,-0.6123149383787748,-0.7312410437468642,-0.6582509508838191
2023-11-23,store_1,-0.7102540839760249,-0.6659482800153641,-0.5860219779553792
2023-11-24,store_1,-0.5446902902282926,-0.551685943485239,-0.36276396340026573
2023-11-25,store_1,-0.1179554415545602,0.3134431759571364,0.1821153068383921
2023-11-26,store_1,0.388063477364565,0.856772245579976,0.47841235994045866
2023-11-27,store_1,-1.3538541836150966,-0.761555541193632,-0.7682109573594845
2023-11-28,store_1,-1.3585179524530608,-0.8011975763163285,-0.764441654804535
2023-11-29,store_1,-0.7895381542214177,-0.6123149383787748,-0.8793069028101548
2023-11-30,store_1,-0.8618265712098643,-0.7102540839760249,-0.9156605594858692
2023-10-01,store_2,-0.4304279536981675,-0.8463061601589339,-0.4757943989517668
2023-10-02,store_2,-0.7522280035177035,-0.8463061601589339,-0.8188667957466074
2023-10-03,store_2,-0.2741916976263639,-0.8463061601589339,-0.7470975585016886
2023-10-04,store_2,-0.8431714958580071,-0.8463061601589339,-0.6957723439394957
2023-10-05,store_2,-0.9317831037793286,-0.8463061601589339,-0.7032331008642204
2023-10-06,store_2,-0.6822714709482391,-0.8463061601589339,-0.5682206830223435
2023-10-07,store_2,-0.4514149134690068,-0.8463061601589339,-0.629221391167867
2023-10-08,store_2,-0.3954496874134354,-0.4304279536981675,-0.589450611420345
2023-10-09,store_2,-1.0786918221752035,-0.7522280035177035,-1.0287757660506287
2023-10-10,store_2,-1.0483773247284358,-0.2741916976263639,-0.7637433341563262
2023-10-11,store_2,-1.0460454403094537,-0.8431714958580071,-0.9860966184482856
2023-10-12,store_2,-0.9784207921589714,-0.9317831037793286,-0.9430494331395612
2023-10-13,store_2,-0.4793975264967925,-0.6822714709482391,-0.5916231221170708
2023-10-14,store_2,-0.4957207174296676,-0.4514149134690068,-0.500084617839278
2023-10-15,store_2,-0.1109597882976138,-0.3954496874134354,-0.3448577527188876
2023-10-16,store_2,-1.02039471170065,-1.0786918221752035,-1.042755284829408
2023-10-17,store_2,-1.1206657417168822,-1.0483773247284358,-0.7997203287764483
2023-10-18,store_2,-0.9737570233210072,-1.0460454403094537,-0.9055843052257797
2023-10-19,store_2,-0.9364468726172928,-0.9784207921589714,-0.8861368673006496
2023-10-20,store_2,-0.7498961190987213,-0.4793975264967925,-0.5166601404306976
2023-10-21,store_2,-0.7662193100315963,-0.4957207174296676,-0.3237543571474066
2023-10-22,store_2,-0.5120439083625427,-0.1109597882976138,-0.7023985049141902
2023-10-23,store_2,-1.1906222742863466,-1.02039471170065,-1.1440413827809717
2023-10-24,store_2,-1.178962852191436,-1.1206657417168822,-1.310300156902351
2023-10-25,store_2,-0.9597657168071144,-0.9737570233210072,-1.101586684823945
2023-10-26,store_2,-1.0157309428626855,-0.9364468726172928,-0.87699272941581
2023-10-27,store_2,-0.3837902653185246,-0.7498961190987213,-0.5968202182154291
2023-10-28,store_2,-0.728909159327882,-0.7662193100315963,-0.2989851869786191
2023-10-29,store_2,-0.777878732126507,-0.5120439083625427,-0.4712353460807749
2023-10-30,store_2,-1.036717902633525,-1.1906222742863466,-1.2060572807052323
2023-10-31,store_2,-0.6776077021102749,-1.178962852191436,-0.5844127229705208
2023-11-01,store_2,-0.9131280284274714,-0.9597657168071144,-1.010737219505557
2023-11-02,store_2,-1.050709209147418,-1.0157309428626855,-0.9100206454553338
2023-11-03,store_2,-0.7522280035177035,-0.3837902653185246,-0.516092024440882
2023-11-04,store_2,-0.6566207423394356,-0.728909159327882,-0.5016029403723609
2023-11-05,store_2,-0.4001134562513997,-0.777878732126507,-0.483962675135942
2023-11-06,store_2,-1.2092773496382037,-1.036717902633525,-1.0003021756824568
2023-11-07,store_2,-1.0623686312423286,-0.6776077021102749,-0.9455112584806593
2023-11-08,store_2,-0.924787450522382,-0.9131280284274714,-1.045195407359653
2023-11-09,store_2,-1.0763599377562214,-1.050709209147418,-0.9589474722895845
2023-11-10,store_2,-0.7335729281658463,-0.7522280035177035,-0.6179026434551856
2023-11-11,store_2,-0.6962627774621319,-0.6566207423394356,-0.42813572549912776
2023-11-12,store_2,-0.3418163457768461,-0.4001134562513997,-0.5846091493165623
2023-11-13,store_2,-0.9994077519298108,-1.2092773496382037,-1.119822129437441
2023-11-14,store_2,-1.1416527014877216,-1.0623686312423286,-0.8533936673988414
2023-11-15,store_2,-1.0926831286890966,-0.924787450522382,-1.031676017556386
2023-11-16,store_2,-1.2092773496382037,-1.0763599377562214,-0.9749067501560073
2023-11-17,store_2,-0.8501671491149535,-0.7335729281658463,-0.7921527993167286
2023-11-18,store_2,-0.7732149632885428,-0.6962627774621319,-0.32907355567751395
2023-11-19,store_2,-0.5330308681333819,-0.3418163457768461,-0.6369397338844335
2023-11-20,store_2,-1.1626396612585608,-0.9994077519298108,-1.1477702575137416
2023-11-21,store_2,-1.1882903898673645,-1.1416527014877216,-1.2047255831738302
2023-11-22,store_2,-1.0273903649575964,-1.0926831286890966,-1.0998450565480864
2023-11-23,store_2,-0.9457744102932214,-1.2092773496382037,-1.003391457759243
2023-11-24,store_2,-0.8361758426010606,-0.8501671491149535,-0.7399860105622031
2023-11-25,store_2,-0.8268483049251321,-0.7732149632885428,-0.47634794613117554
2023-11-26,store_2,-0.4071091095083461,-0.5330308681333819,-0.5495112229524757
2023-11-27,store_2,-1.2838976510456324,-1.1626396612585608,-1.0642192084177209
2023-11-28,store_2,-1.2069454652192215,-1.1882903898673645,-1.2423922352559373
2023-11-29,store_2,-1.1859585054483823,-1.0273903649575964,-1.1285330964429923
2023-11-30,store_2,-1.1090063196219715,-0.9457744102932214,-1.074607131182995
2023-08-10,store_3,-0.8011975763163285,-0.7895381542214177,-0.4917052629251491
2023-08-11,store_3,-0.8035294607353106,-0.5773366720940426,-0.6083316074018162
2023-08-12,store_3,-0.2811873508833103,-0.0549945622420423,-0.3084015550054147
2023-08-13,store_3,-0.9504381791311856,-0.7592236567746499,-0.7159260860090593
2023-08-14,store_3,-0.9830845609969358,-0.7662193100315963,-0.8008844360048992
2023-08-15,store_3,-0.9201236816844178,-0.6869352397862034,-0.6867546911649335
2023-08-16,store_3,-0.7872062698024356,-0.777878732126507,-0.7847037011863667
2023-08-17,store_3,-0.7592236567746499,-0.8011975763163285,-0.610139556534807
2023-08-18,store_3,-0.7545598879366856,-0.8035294607353106,-0.5131761513393366
2023-08-19,store_3,-0.6496250890824891,-0.2811873508833103,-0.33064652669189426
2023-08-20,store_3,-0.6659482800153641,-0.9504381791311856,-0.7216786843484251
2023-08-21,store_3,-0.8921410686566321,-0.9830845609969358,-0.8690397348768374
2023-08-22,store_3,-0.9131280284274714,-0.9201236816844178,-0.7169789205365942
2023-08-23,store_3,-0.6729439332723105,-0.7872062698024356,-0.7574554708720098
2023-08-24,store_3,-0.8478352646959714,-0.7592236567746499,-0.7528942552586054
2023-08-25,store_3,-0.728909159327882,-0.7545598879366856,-0.5199941460348494
2023-08-26,store_3,-0.4001134562513997,-0.6496250890824891,-0.24547415542446732
2023-08-27,store_3,-0.9224555661034,-0.6659482800153641,-0.6350527030390892
2023-08-28,store_3,-0.9061323751705248,-0.8921410686566321,-0.886148537812044
2023-08-29,store_3,-1.6430078515688824,-0.9131280284274714,-0.7073369280854128
2023-08-30,store_3,-1.5474005903906145,-0.6729439332723105,-0.8663827867654037
2023-08-31,store_3,-0.6939308930431498,-0.8478352646959714,-0.7626223434932831
2023-09-01,store_3,-0.6193105916357212,-0.728909159327882,-0.6473595206732513
2023-09-02,store_3,0.0242895080033505,-0.4001134562513997,-0.26852510985537903
2023-09-03,store_3,-0.7032584307190785,-0.9224555661034,-0.5443065069399534
2023-09-04,store_3,-0.8991367219135785,-0.9061323751705248,-0.8602571491028055
2023-09-05,store_3,-0.924787450522382,-1.6430078515688824,-0.8892285235982955
2023-09-06,store_3,-0.938778757036275,-1.5474005903906145,-0.9563842696466253
2023-09-07,store_3,-0.8501671491149535,-0.6939308930431498,-0.9173658402530411
2023-09-08,store_3,-0.6472932046635069,-0.6193105916357212,-0.7812116958808538
2023-09-09,store_3,-0.8128569984112392,0.0242895080033505,-0.428971283634151
2023-09-10,store_3,-0.9481062947122036,-0.7032584307190785,-0.8671773469003492
2023-09-11,store_3,-1.0600367468233465,-0.8991367219135785,-1.0905167804972264
2023-09-12,store_3,-0.8478352646959714,-0.924787450522382,-1.1043396644260095
2023-09-13,store_3,-1.6290165450549896,-0.938778757036275,-1.0965842830591768
2023-09-14,store_3,-0.6542888579204534,-0.8501671491149535,-0.8869319625010119
2023-09-15,store_3,-0.4280960692791854,-0.6472932046635069,-0.6543640555833028
2023-09-16,store_3,-0.2881830041402567,-0.8128569984112392,-0.6037993882707644
2023-09-17,store_3,-0.9014686063325608,-0.9481062947122036,-0.7051643442593833
2023-09-18,store_3,-0.8198526516681857,-1.0600367468233465,-0.89946859949162
2023-09-19,store_3,-0.7662193100315963,-0.8478352646959714,-0.7538502528393982
2023-09-20,store_3,-0.8781497621427392,-1.6290165450549896,-1.0462212720117854
2023-09-21,store_3,-0.9107961440084892,-0.6542888579204534,-0.8030160676034135
2023-09-22,store_3,-0.5750047876750605,-0.4280960692791854,-0.5171843993070675
2023-09-23,store_3,-0.3791264964805604,-0.2881830041402567,-0.4406089664191681
2023-09-24,store_3,-0.4840612953347569,-0.9014686063325608,-0.754681670192418
2023-09-25,store_3,-0.95510194796915,-0.8198526516681857,-0.994913865631533
2023-09-26,store_3,-0.7195816216519534,-0.7662193100315963,-0.8006313586005734
2023-09-27,store_3,-0.7522280035177035,-0.8781497621427392,-0.9525299271546275
2023-09-28,store_3,-0.5330308681333819,-0.9107961440084892,-0.6706138545705126
2023-09-29,store_3,-0.7195816216519534,-0.5750047876750605,-0.39971779876326285
2023-09-30,store_3,-0.1436061701633638,-0.3791264964805604,-0.16558719164227978
2023-10-01,store_3,-0.614646822797757,-0.4840612953347569,-0.4630065655027831
2023-10-02,store_3,-0.5540178279042212,-0.95510194796915,-0.8047887112341201
2023-10-03,store_3,-0.2158945871518103,-0.7195816216519534,-0.6851571139150203
2023-10-04,store_3,-0.8548309179529178,-0.7522280035177035,-0.6340781700370206
2023-10-05,store_3,-0.6776077021102749,-0.5330308681333819,-0.4764712539193964
2023-10-06,store_3,-0.777878732126507,-0.7195816216519534,-0.3337155391221462
2023-10-07,store_3,-0.2555366222745067,-0.1436061701633638,-0.2560939227967839
2023-10-08,store_3,-0.6706120488533284,-0.614646822797757,-0.5487295736290767
2023-10-09,store_3,-1.099678781946043,-0.5540178279042212,-0.9758037868372839
2023-10-10,store_3,-0.8245164205061499,-0.2158945871518103,-0.7170341908436465
2023-10-11,store_3,-0.8338439581820785,-0.8548309179529178,-0.8904765022208148
2023-10-12,store_3,-0.7592236567746499,-0.6776077021102749,-0.7051336466789069
2023-10-13,store_3,-0.6402975514065605,-0.777878732126507,-0.49608321443987197
2023-10-14,store_3,-0.3045061950731317,-0.2555366222745067,-0.22596350548957553
2023-10-15,store_3,-0.6239743604736855,-0.6706120488533284,-0.46778718449005235
2023-10-16,store_3,-0.8851454153996857,-1.099678781946043,-0.9564106906499233
2023-10-17,store_3,-0.7079221995570427,-0.8245164205061499,-0.7073168819576654
2023-10-18,store_3,-0.728909159327882,-0.8338439581820785,-0.8536187291240542
2023-10-19,store_3,-0.8478352646959714,-0.7592236567746499,-0.6377430197166097
2023-10-20,store_3,-0.777878732126507,-0.6402975514065605,-0.49010109538850777
2023-10-21,store_3,-0.4001134562513997,-0.3045061950731317,-0.26741679583923456
2023-10-22,store_3,-0.8501671491149535,-0.6239743604736855,-0.7417615247401992
2023-10-23,store_3,-0.7312410437468642,-0.8851454153996857,-1.0689408600104493
2023-10-24,store_3,-0.9201236816844178,-0.7079221995570427,-0.8884113284609516
2023-10-25,store_3,-0.679939586529257,-0.728909159327882,-0.8028442043664964
2023-10-26,store_3,-0.8221845360871678,-0.8478352646959714,-0.658679510116557
2023-10-27,store_3,-0.6752758176912927,-0.777878732126507,-0.46526584331535525
2023-10-28,store_3,-0.5633453655801498,-0.4001134562513997,-0.15878280768601835
2023-10-29,store_3,-0.9481062947122036,-0.8501671491149535,-0.7796905266843012
2023-10-30,store_3,-0.6099830539597927,-0.7312410437468642,-1.023771560709536
2023-10-31,store_3,-1.0553729779853822,-0.9201236816844178,-0.1095254108087055
2023-11-01,store_3,-0.9760889077399892,-0.679939586529257,-0.8000851549615088
2023-11-02,store_3,-0.7149178528139891,-0.8221845360871678,-0.8434078991556869
2023-11-03,store_3,-0.6472932046635069,-0.6752758176912927,-0.507720823578414
2023-11-04,store_3,-0.194907627380971,-0.5633453655801498,-0.37593673989417214
2023-11-05,store_3,-0.7032584307190785,-0.9481062947122036,-0.6998862695850345
2023-11-06,store_3,-1.001739636348793,-0.6099830539597927,-0.8036077701938229
2023-11-07,store_3,-0.88980918423765,-1.0553729779853822,-0.9399156533226151
2023-11-08,store_3,-0.9434425258742392,-0.9760889077399892,-0.9039526825003822
2023-11-09,store_3,-0.8688222244668107,-0.7149178528139891,-0.7712890846980902
2023-11-10,store_3,-0.8804816465617213,-0.6472932046635069,-0.6299099905764277
2023-11-11,store_3,-0.5073801395245783,-0.194907627380971,-0.47226684843015426
2023-11-12,store_3,-1.1066744352029894,-0.7032584307190785,-0.6375883726960518
2023-11-13,store_3,-1.1859585054483823,-1.001739636348793,-1.1074959465328365
2023-11-14,store_3,-1.0880193598511323,-0.88980918423765,-0.9855748626523306
2023-11-15,store_3,-0.9620976012260964,-0.9434425258742392,-0.9672972952449251
2023-11-16,store_3,-0.95510194796915,-0.8688222244668107,-0.6533575846130197
2023-11-17,store_3,-0.9527700635501678,-0.8804816465617213,-0.663875869618203
2023-11-18,store_3,-0.2322177780846853,-0.5073801395245783,-0.3443039116565668
2023-11-19,store_3,-0.9457744102932214,-1.1066744352029894,-0.8192000179201154
2023-11-20,store_3,-1.167303430096525,-1.1859585054483823,-1.0296907672191657
2023-11-21,store_3,-1.1393208170687394,-1.0880193598511323,-0.9707330080034655
2023-11-22,store_3,-1.0250584805386145,-0.9620976012260964,-0.9531104836909385
2023-11-23,store_3,-1.1463164703256858,-0.95510194796915,-0.8312297323978813
2023-11-24,store_3,-1.036717902633525,-0.9527700635501678,-0.790907217119979
2023-11-25,store_3,-0.6776077021102749,-0.2322177780846853,-0.548436772546103
2023-11-26,store_3,-0.7475642346797392,-0.9457744102932214,-1.0248039234638973
2023-11-27,store_3,-1.2722382289507217,-1.167303430096525,-1.2660589707354355
2023-11-28,store_3,-1.2908933043025788,-1.1393208170687394,-1.2084339715264807
2023-11-29,store_3,-1.258246922436829,-1.0250584805386145,-1.031600403256091
2023-11-30,store_3,-1.0880193598511323,-1.1463164703256858,-1.0909056417048046
2023-08-10,store_4,-0.5143757927815248,-0.3744627276425961,-0.20384746932730444
2023-08-11,store_4,-0.194907627380971,-0.0689858687559352,-0.06457785063574142
2023-08-12,store_4,0.2015127238459935,0.2038446082649756,0.2843182016397514
2023-08-13,store_4,0.3833997085266007,0.7401780246308688,0.48065759355376236
2023-08-14,store_4,-0.8245164205061499,-0.5330308681333819,-0.5524371855888233
2023-08-15,store_4,-0.6029874007028462,-0.082977175269828,-0.4875379118863291
2023-08-16,store_4,-0.6286381293116499,-0.2858511197212746,-0.4977920576630999
2023-08-17,store_4,-0.5913279786079355,-0.5143757927815248,-0.3997113929009943
2023-08-18,store_4,-0.4420873757930783,-0.194907627380971,-0.21554498335570071
2023-08-19,store_4,-0.5540178279042212,0.2015127238459935,-0.22785844520321114
2023-08-20,store_4,-0.6333018981496141,0.3833997085266007,0.0998451532081065
2023-08-21,store_4,-0.7498961190987213,-0.8245164205061499,-0.8408278285452997
2023-08-22,store_4,-0.8968048374945964,-0.6029874007028462,-0.616165944108015
2023-08-23,store_4,-0.6053192851218284,-0.6286381293116499,-0.5946246799415624
2023-08-24,store_4,-0.7732149632885428,-0.5913279786079355,-0.5152855331679933
2023-08-25,store_4,-0.2158945871518103,-0.4420873757930783,-0.3716448799145309
2023-08-26,store_4,-0.1389424013253995,-0.5540178279042212,-0.16230720704969176
2023-08-27,store_4,0.5396359645984043,-0.6333018981496141,-0.09696893947116762
2023-08-28,store_4,-0.4350917225361319,-0.7498961190987213,-0.5213976137672123
2023-08-29,store_4,-0.4164366471842747,-0.8968048374945964,-0.435346691462913
2023-08-30,store_4,-0.3534757678717568,-0.6053192851218284,-0.44052602999038576
2023-08-31,store_4,-0.1855800897050424,-0.7732149632885428,-0.2338846144865019
2023-09-01,store_4,0.0429445833552076,-0.2158945871518103,-0.04908909831160171
2023-09-02,store_4,0.4929982762187615,-0.1389424013253995,0.22182409079033266
2023-09-03,store_4,0.8311215169711724,0.5396359645984043,0.49047816448769166
2023-09-04,store_4,-0.4747337576588283,-0.4350917225361319,-0.4265365121775331
2023-09-05,store_4,-0.6589526267584177,-0.4164366471842747,-0.47738341925720557
2023-09-06,store_4,-0.8081932295732749,-0.3534757678717568,-0.5870807046398242
2023-09-07,store_4,-0.6402975514065605,-0.1855800897050424,-0.6126000675343235
2023-09-08,store_4,-0.2205583559897746,0.0429445833552076,-0.4239977261684604
2023-09-09,store_4,-0.2205583559897746,0.4929982762187615,-0.1991709387750571
2023-09-10,store_4,0.0242895080033505,0.8311215169711724,0.17065214298363104
2023-09-11,store_4,-0.7312410437468642,-0.4747337576588283,-0.6520318193871099
2023-09-12,store_4,-0.470069988820864,-0.6589526267584177,-0.5921367599872818
2023-09-13,store_4,-0.3767946120615782,-0.8081932295732749,-0.5582635199477302
2023-09-14,store_4,-0.3488119990337925,-0.6402975514065605,-0.3551881057340486
2023-09-15,store_4,-0.1226192103925245,-0.2205583559897746,-0.22383308099200847
2023-09-16,store_4,0.0499402366121541,-0.2205583559897746,0.0966113289316774
2023-09-17,store_4,0.4300373969062436,0.0242895080033505,0.05795450292697531
2023-09-18,store_4,-0.3907859185754711,-0.7312410437468642,-0.5157146572278449
2023-09-19,store_4,-0.2019032806379174,-0.470069988820864,-0.38583247570271145
2023-09-20,store_4,-0.4304279536981675,-0.3767946120615782,-0.45661003570221664
2023-09-21,store_4,-0.4980526018486497,-0.3488119990337925,-0.4483768390352356
2023-09-22,store_4,-0.0619902154989887,-0.1226192103925245,-0.12565537788948725
2023-09-23,store_4,0.5722823464641544,0.0499402366121541,0.2749363298421035
2023-09-24,store_4,0.9663708132721368,0.4300373969062436,0.3383309646730462
2023-09-25,store_4,-0.6846033553672213,-0.3907859185754711,-0.46387727494102127
2023-09-26,store_4,-0.1692568987721674,-0.2019032806379174,-0.25656968883310677
2023-09-27,store_4,-0.4117728783463104,-0.4304279536981675,-0.3499059523249793
2023-09-28,store_4,-0.6076511695408106,-0.4980526018486497,-0.33716229935600955
2023-09-29,store_4,0.0662634275450291,-0.0619902154989887,-0.09016096212460097
2023-09-30,store_4,0.4929982762187615,0.5722823464641544,0.717305282571358
2023-10-01,store_4,0.8917505118647081,0.9663708132721368,0.9735183545677611
2023-10-02,store_4,-0.1995713962189353,-0.6846033553672213,-0.23677360403175018
2023-10-03,store_4,1.0759693809642976,-0.1692568987721674,0.2958823575284793
2023-10-04,store_4,-0.1529337078392924,-0.4117728783463104,-0.20847101705073473
2023-10-05,store_4,-0.3837902653185246,-0.6076511695408106,-0.2333097362597043
2023-10-06,store_4,0.0079663170704755,0.0662634275450291,0.3266507927302481
2023-10-07,store_4,0.4463605878391186,0.4929982762187615,0.6401960636072176
2023-10-08,store_4,1.1622491044666368,0.8917505118647081,0.9246590689683967
2023-10-09,store_4,-0.4444192602120604,-0.1995713962189353,-0.45343374951847193
2023-10-10,store_4,-0.1412742857443817,1.0759693809642976,-0.22060043860636158
2023-10-11,store_4,-0.3651351899666675,-0.1529337078392924,-0.2824454171740366
2023-10-12,store_4,-0.2462090845985781,-0.3837902653185246,-0.4546755052087871
2023-10-13,store_4,0.1268924224385648,0.0079663170704755,0.11998111305288374
2023-10-14,store_4,0.6865446829942795,0.4463605878391186,0.4882417800739801
2023-10-15,store_4,1.2555244812259223,1.1622491044666368,1.2960472994539782
2023-10-16,store_4,-0.4024453406703818,-0.4444192602120604,-0.5000391139361867
2023-10-17,store_4,-0.2881830041402567,-0.1412742857443817,-0.15881159880734838
2023-10-18,store_4,-0.4817294109157747,-0.3651351899666675,-0.31409673666069615
2023-10-19,store_4,-0.5866642097699712,-0.2462090845985781,-0.20320328118786835
2023-10-20,store_4,-0.2415453157606139,0.1268924224385648,0.24042535567977044
2023-10-21,store_4,0.6095924971678687,0.6865446829942795,0.7092740943229018
2023-10-22,store_4,1.295166516348619,1.2555244812259223,0.8031637735619243
2023-10-23,store_4,-0.5237033304574533,-0.4024453406703818,-0.5861596389800899
2023-10-24,store_4,-0.2485409690175603,-0.2881830041402567,-0.48303099718734466
2023-10-25,store_4,-0.5936598630269176,-0.4817294109157747,-0.38144694617703107
2023-10-26,store_4,-0.4234323004412211,-0.5866642097699712,-0.3971508940303311
2023-10-27,store_4,-0.1972395117999531,-0.2415453157606139,-0.05600326047984719
2023-10-28,store_4,0.2598098343205471,0.6095924971678687,0.19479002667668954
2023-10-29,store_4,0.5233127736655294,1.295166516348619,0.42180859017728195
2023-10-30,store_4,-0.5610134811611677,-0.5237033304574533,-0.6666150532902363
2023-10-31,store_4,-0.1272829792304888,-0.2485409690175603,0.6119728394460004
2023-11-01,store_4,-0.3674670743856497,-0.5936598630269176,-0.5223817610255298
2023-11-02,store_4,-0.325493154843971,-0.4234323004412211,-0.5351575029478763
2023-11-03,store_4,0.0266213924223326,-0.1972395117999531,0.022128847707759507
2023-11-04,store_4,0.6632258388044581,0.2598098343205471,0.36974190127015516
2023-11-05,store_4,0.9337244314063868,0.5233127736655294,0.6811311614668949
2023-11-06,store_4,-0.810525113992257,-0.5610134811611677,-0.5634331602900711
2023-11-07,store_4,-0.502716370686614,-0.1272829792304888,-0.3599720172658668
2023-11-08,store_4,-0.7452323502607571,-0.3674670743856497,-0.5705064621062623
2023-11-09,store_4,-0.7708830788695606,-0.325493154843971,-0.35253930310729464
2023-11-10,store_4,-0.3068380794921139,0.0266213924223326,-0.07901428582670475
2023-11-11,store_4,0.3344301357279757,0.6632258388044581,0.3086077077437427
2023-11-12,store_4,0.5396359645984043,0.9337244314063868,0.7284329741245459
2023-11-13,store_4,-0.5400265213903284,-0.810525113992257,-0.8535782642803909
2023-11-14,store_4,-0.519039561619489,-0.502716370686614,-0.5902082155312925
2023-11-15,store_4,-0.679939586529257,-0.7452323502607571,-0.47415306129217766
2023-11-16,store_4,-0.2718598132073818,-0.7708830788695606,-0.40686492854055256
2023-11-17,store_4,-0.3021743106541496,-0.3068380794921139,-0.13804508612132405
2023-11-18,store_4,0.3041156382812078,0.3344301357279757,0.21040123421029627
2023-11-19,store_4,0.7798200597535653,0.5396359645984043,0.7518259642279012
2023-11-20,store_4,-0.630970013730632,-0.5400265213903284,-0.6316096400935113
2023-11-21,store_4,-0.4747337576588283,-0.519039561619489,-0.5475701747789454
2023-11-22,store_4,-0.6193105916357212,-0.679939586529257,-0.5350708257177907
2023-11-23,store_4,-0.6356337825685963,-0.2718598132073818,-0.4963289483406427
2023-11-24,store_4,-0.6752758176912927,-0.3021743106541496,-0.31102386020159734
2023-11-25,store_4,0.2504822966446185,0.3041156382812078,0.12058428676475556
2023-11-26,store_4,0.7028678739271544,0.7798200597535653,0.449635208422682
2023-11-27,store_4,-0.7312410437468642,-0.630970013730632,-0.7100374873564043
2023-11-28,store_4,-1.0157309428626855,-0.4747337576588283,-0.5537276432682785
2023-11-29,store_4,-0.9597657168071144,-0.6193105916357212,-0.6095477499259111
2023-11-30,store_4,-0.5750047876750605,-0.6356337825685963,-0.5821478410344724
2023-08-10,store_5,-0.1436061701633638,0.1175648847626363,0.1708722716194137
2023-08-11,store_5,-0.1506018234203102,-0.0689858687559352,0.09234438516016326
2023-08-12,store_5,0.1432156133714399,0.6329113413576901,0.6841632726572912
2023-08-13,store_5,-0.3558076522907389,0.194517070589047,-0.07171349489624884
2023-08-14,store_5,-0.4817294109157747,-0.0736496375938995,-0.31980580148782023
2023-08-15,store_5,-0.4957207174296676,0.0102982014894576,-0.15455196544678243
2023-08-16,store_5,-0.502716370686614,0.178193879656172,-0.2388973361783345
2023-08-17,store_5,-0.5633453655801498,-0.1436061701633638,-0.3011603549650406
2023-08-18,store_5,-0.600655516283864,-0.1506018234203102,-0.18961258186873697
2023-08-19,store_5,-0.630970013730632,0.1432156133714399,-0.24201579278769922
2023-08-20,store_5,-0.6496250890824891,-0.3558076522907389,-0.26267100438885765
2023-08-21,store_5,-0.6402975514065605,-0.4817294109157747,-0.5839117237500602
2023-08-22,store_5,-1.1253295105548464,-0.4957207174296676,-0.5715164611662464
2023-08-23,store_5,-0.5283670992954176,-0.502716370686614,-0.5698268681147989
2023-08-24,store_5,-0.470069988820864,-0.5633453655801498,-0.42394175822926955
2023-08-25,store_5,-0.470069988820864,-0.600655516283864,-0.27269907931095455
2023-08-26,store_5,0.3787359396886364,-0.630970013730632,-0.2749562671005925
2023-08-27,store_5,-0.2019032806379174,-0.6496250890824891,-0.21416018509853624
2023-08-28,store_5,-0.1762525520291138,-0.6402975514065605,-0.3220495014456537
2023-08-29,store_5,-0.0759815220128816,-1.1253295105548464,-0.33503950402153543
2023-08-30,store_5,-0.486393179753739,-0.5283670992954176,-0.2977195390457735
2023-08-31,store_5,-0.0479989089850959,-0.470069988820864,-0.10783328512313144
2023-09-01,store_5,0.2294953368737792,-0.470069988820864,-0.1733999447788322
2023-09-02,store_5,0.7051997583461366,0.3787359396886364,0.31004132824263175
2023-09-03,store_5,-0.0596583310800066,-0.2019032806379174,-0.540784944092997
2023-09-04,store_5,-0.6333018981496141,-0.1762525520291138,-0.24456332270756115
2023-09-05,store_5,-0.4024453406703818,-0.0759815220128816,-0.4593972762700129
2023-09-06,store_5,-0.4117728783463104,-0.486393179753739,-0.5010686505881813
2023-09-07,store_5,-0.3138337327490603,-0.0479989089850959,-0.4213180845726571
2023-09-08,store_5,-0.3674670743856497,0.2294953368737792,-0.4365664622784557
2023-09-09,store_5,-0.2881830041402567,0.7051997583461366,-0.03523633994366887
2023-09-10,store_5,-0.6822714709482391,-0.0596583310800066,-0.35527713847348463
2023-09-11,store_5,-0.614646822797757,-0.6333018981496141,-0.5821304585159929
2023-09-12,store_5,-0.5866642097699712,-0.4024453406703818,-0.5054349282300825
2023-09-13,store_5,-0.3161656171680425,-0.4117728783463104,-0.5328905875756863
2023-09-14,store_5,-0.0969684817837209,-0.3138337327490603,-0.2484251759899551
2023-09-15,store_5,-0.1366105169064174,-0.3674670743856497,-0.10544687219879392
2023-09-16,store_5,0.1642025731422791,-0.2881830041402567,0.30876838048594935
2023-09-17,store_5,-0.3418163457768461,-0.6822714709482391,-0.34906832278873373
2023-09-18,store_5,-0.2788554664643282,-0.614646822797757,-0.4853594187603588
2023-09-19,store_5,-0.4117728783463104,-0.5866642097699712,-0.20996888368550828
2023-09-20,store_5,-0.486393179753739,-0.3161656171680425,-0.24275469031290015
2023-09-21,store_5,-0.3464801146148104,-0.0969684817837209,-0.3480691406982695
2023-09-22,store_5,0.2738011408344399,-0.1366105169064174,-0.13786490481225305
2023-09-23,store_5,0.8917505118647081,0.1642025731422791,0.35672845868119274
2023-09-24,store_5,0.0709271963829934,-0.3418163457768461,-0.49169228990904507
2023-09-25,store_5,-0.276523582045346,-0.2788554664643282,-0.31368054769885556
2023-09-26,store_5,-0.2858511197212746,-0.4117728783463104,-0.29159149470740936
2023-09-27,store_5,-0.292846772978221,-0.486393179753739,-0.2587310725571702
2023-09-28,store_5,-0.2671960443694174,-0.3464801146148104,-0.04741308241211612
2023-09-29,store_5,-0.0153525271193459,0.2738011408344399,0.1181534017445255
2023-09-30,store_5,0.9990171951378868,0.8917505118647081,0.5572826394689983
2023-10-01,store_5,0.2085083771029399,0.0709271963829934,0.11843782581976087
2023-10-02,store_5,0.2691373719964757,-0.276523582045346,-0.08051293600010455
2023-10-03,store_5,0.1175648847626363,-0.2858511197212746,0.1264322411099427
2023-10-04,store_5,-0.0386713713091673,-0.292846772978221,-0.23733592416397753
2023-10-05,store_5,-0.2322177780846853,-0.2671960443694174,-0.16757284036214104
2023-10-06,store_5,0.0266213924223326,-0.0153525271193459,0.46741940978688024
2023-10-07,store_5,0.6538983011285294,0.9990171951378868,0.8526009200772876
2023-10-08,store_5,0.1665344575612613,0.2085083771029399,-0.18807875338947336
2023-10-09,store_5,-0.082977175269828,0.2691373719964757,-0.16718563440519005
2023-10-10,store_5,-0.2322177780846853,0.1175648847626363,-0.010988236251790613
2023-10-11,store_5,-0.2368815469226496,-0.0386713713091673,-0.13937403569146994
2023-10-12,store_5,-0.2042351650568996,-0.2322177780846853,-0.15642604330270884
2023-10-13,store_5,0.0685953119640112,0.0266213924223326,0.16376381566107673
2023-10-14,store_5,1.094624456316155,0.6538983011285294,0.8256258985678049
2023-10-15,store_5,0.5559591555312794,0.1665344575612613,0.29454604351211083
2023-10-16,store_5,-0.3184975015870246,-0.082977175269828,-0.29366479811279816
2023-10-17,store_5,-0.1739206676101317,-0.2322177780846853,-0.1822204103524462
2023-10-18,store_5,-0.1832482052860602,-0.2368815469226496,-0.08350550431094934
2023-10-19,store_5,-0.0876409441077923,-0.2042351650568996,-0.03484380227534929
2023-10-20,store_5,0.0382808145172434,0.0685953119640112,0.4021745595793863
2023-10-21,store_5,0.6982041050891902,1.094624456316155,0.8078503160620868
2023-10-22,store_5,0.1968489550080292,0.5559591555312794,0.03566419676457747
2023-10-23,store_5,-0.243877200179596,-0.3184975015870246,-0.46939205236356446
2023-10-24,store_5,-0.4234323004412211,-0.1739206676101317,-0.4087766184719294
2023-10-25,store_5,-0.0806452908508459,-0.1832482052860602,-0.19724473498839667
2023-10-26,store_5,-0.0946365973647388,-0.0876409441077923,-0.21417192083186815
2023-10-27,store_5,-0.1319467480684531,0.0382808145172434,0.10679043256237562
2023-10-28,store_5,0.2877924473483328,0.6982041050891902,0.3071829138676345
2023-10-29,store_5,-0.2228902404087567,0.1968489550080292,-0.3018339209387482
2023-10-30,store_5,-0.1972395117999531,-0.243877200179596,-0.392842088532521
2023-10-31,store_5,0.3857315929455829,-0.4234323004412211,0.5005301076064168
2023-11-01,store_5,-0.0853090596888102,-0.0806452908508459,-0.24330414877759313
2023-11-02,store_5,-0.0083568738623994,-0.0946365973647388,-0.2114676433402348
2023-11-03,store_5,-0.0083568738623994,-0.1319467480684531,0.07035408453047146
2023-11-04,store_5,0.8474447079040474,0.2877924473483328,0.4832319846304744
2023-11-05,store_5,-0.0526626778230602,-0.2228902404087567,-0.1996671783803899
2023-11-06,store_5,-0.6286381293116499,-0.1972395117999531,-0.43226433376498435
2023-11-07,store_5,-0.6239743604736855,0.3857315929455829,-0.17351314993928024
2023-11-08,store_5,-0.325493154843971,-0.0853090596888102,-0.3395626499687786
2023-11-09,store_5,-0.3837902653185246,-0.0083568738623994,-0.03212780024352097
2023-11-10,store_5,-0.3021743106541496,-0.0083568738623994,-0.006466546051916257
2023-11-11,store_5,0.4137142059733686,0.8474447079040474,0.6678412188696625
2023-11-12,store_5,-0.2158945871518103,-0.0526626778230602,-0.14151445214108502
2023-11-13,store_5,-0.4724018732398461,-0.6286381293116499,-0.6482492770638673
2023-11-14,store_5,-0.8035294607353106,-0.6239743604736855,-0.5573310006726602
2023-11-15,store_5,-0.5470221746472748,-0.325493154843971,-0.3597135050332464
2023-11-16,store_5,-0.7592236567746499,-0.3837902653185246,-0.26764000648264596
2023-11-17,store_5,-0.4957207174296676,-0.3021743106541496,-0.0723813696385195
2023-11-18,store_5,0.5256446580845116,0.4137142059733686,0.10965378474858983
2023-11-19,store_5,-0.1132916727165959,-0.2158945871518103,-0.16517074218304476
2023-11-20,store_5,-0.6659482800153641,-0.4724018732398461,-0.568334696107646
2023-11-21,store_5,-0.5167076772005069,-0.8035294607353106,-0.6022383204321645
2023-11-22,store_5,-0.4280960692791854,-0.5470221746472748,-0.4415254229992539
2023-11-23,store_5,-0.453746797887989,-0.7592236567746499,-0.4187836238753507
2023-11-24,store_5,-0.1809163208670781,-0.4957207174296676,-0.29451290370271355
2023-11-25,store_5,0.6655577232234402,0.5256446580845116,0.2757817650839269
2023-11-26,store_5,-0.0246800647952744,-0.1132916727165959,-0.29053608130413167
2023-11-27,store_5,-0.8151888828302214,-0.6659482800153641,-0.547474163388837
2023-11-28,store_5,-0.7149178528139891,-0.5167076772005069,-0.4977541204201039
2023-11-29,store_5,-0.7498961190987213,-0.4280960692791854,-0.4784270043502692
2023-11-30,store_5,-0.5400265213903284,-0.453746797887989,-0.4821183200091114
2023-08-10,store_6,-1.1626396612585608,-1.2116092340571858,-1.1767250068533133
2023-08-11,store_6,-1.0973468975270608,-1.1626396612585608,-1.2329783213683587
2023-08-12,store_6,-0.8758178777237571,-1.0903512442701144,-1.001354211574149
2023-08-13,store_6,-1.1533121235826322,-0.8874772998186679,-0.9531257818208225
2023-08-14,store_6,-1.409819409670668,-1.2675744601127572,-1.3096612505860954
2023-08-15,store_6,-1.3468585303581502,-1.2069454652192215,-1.3776801481673313
2023-08-16,store_6,-1.3375309926822216,-1.2512512691798825,-1.26169512486682
2023-08-17,store_6,-1.3002208419785073,-1.1626396612585608,-1.1262843019205555
2023-08-18,store_6,-1.3515222991961144,-1.0973468975270608,-1.1413494291758346
2023-08-19,store_6,-1.0064034051867572,-0.8758178777237571,-0.9949498816989673
2023-08-20,store_6,-1.1416527014877216,-1.1533121235826322,-1.0963136485266163
2023-08-21,store_6,-1.4774440578211503,-1.409819409670668,-1.3956800333245134
2023-08-22,store_6,-1.3491904147771323,-1.3468585303581502,-1.3585488585926493
2023-08-23,store_6,-1.3958281031567752,-1.3375309926822216,-1.2515548454513779
2023-08-24,store_6,-1.3888324498998288,-1.3002208419785073,-1.2611600195876849
2023-08-25,store_6,-0.9271193349413642,-1.3515222991961144,-1.146544022304116
2023-08-26,store_6,-0.8781497621427392,-1.0064034051867572,-0.9467938871750179
2023-08-27,store_6,-1.0437135558904715,-1.1416527014877216,-1.0885587300406256
2023-08-28,store_6,-1.4168150629276146,-1.4774440578211503,-1.3552641614792127
2023-08-29,store_6,-1.4587889824692932,-1.3491904147771323,-1.204803905130789
2023-08-30,store_6,-1.1556440080016144,-1.3958281031567752,-1.3374795997997821
2023-08-31,store_6,-1.1696353145155072,-1.3888324498998288,-1.0457012568261856
2023-09-01,store_6,-1.2489193847609,-0.9271193349413642,-0.9622407728275209
2023-09-02,store_6,-0.8291801893441142,-0.8781497621427392,-0.8271049868685967
2023-09-03,store_6,-0.728909159327882,-1.0437135558904715,-1.0083012808999217
2023-09-04,store_6,-1.409819409670668,-1.4168150629276146,-1.3085996160424647
2023-09-05,store_6,-1.4214788317655789,-1.4587889824692932,-1.3629068242747842
2023-09-06,store_6,-1.3795049122239005,-1.1556440080016144,-1.4313863247749572
2023-09-07,store_6,-1.5147542085248646,-1.1696353145155072,-1.4296481338764517
2023-09-08,store_6,-1.2978889575595252,-1.2489193847609,-1.3299375808748364
2023-09-09,store_6,-1.2372599626659897,-0.8291801893441142,-1.2065794137420858
2023-09-10,store_6,-0.9970758675108286,-0.728909159327882,-1.160054035414662
2023-09-11,store_6,-1.4308063694415074,-1.409819409670668,-1.504962046420028
2023-09-12,store_6,-1.374841143385936,-1.4214788317655789,-1.3689600889059164
2023-09-13,store_6,-1.279233882207668,-1.3795049122239005,-1.291171032098492
2023-09-14,store_6,-1.1579758924205965,-1.5147542085248646,-1.2481991380271453
2023-09-15,store_6,-1.136988932649757,-1.2978889575595252,-1.2539746521011514
2023-09-16,store_6,-0.8618265712098643,-1.2372599626659897,-1.089957389910137
2023-09-17,store_6,-0.8944729530756143,-0.9970758675108286,-0.8873097151938473
2023-09-18,store_6,-1.3585179524530608,-1.4308063694415074,-1.3022516029058802
2023-09-19,store_6,-1.391164334318811,-1.374841143385936,-1.2305186576106293
2023-09-20,store_6,-1.3212078017493467,-1.279233882207668,-1.3920065610604955
2023-09-21,store_6,-1.0856874754321502,-1.1579758924205965,-1.328709546800399
2023-09-22,store_6,-1.022726596119632,-1.136988932649757,-1.0807379541293232
2023-09-23,store_6,-0.8128569984112392,-0.8618265712098643,-0.9115642229101911
2023-09-24,store_6,-0.8011975763163285,-0.8944729530756143,-0.9037609027959422
2023-09-25,store_6,-1.3841686810618643,-1.3585179524530608,-1.3801659726241355
2023-09-26,store_6,-1.363181721291025,-1.391164334318811,-1.3596738256152874
2023-09-27,store_6,-1.2535831535988644,-1.3212078017493467,-1.3372880231469113
2023-09-28,store_6,-1.246587500341918,-1.0856874754321502,-1.2494660859665354
2023-09-29,store_6,-1.1253295105548464,-1.022726596119632,-1.1116133580995688
2023-09-30,store_6,-0.7055903151380606,-0.8128569984112392,-0.866059014518452
2023-10-01,store_6,-0.6426294358255427,-0.8011975763163285,-0.7253286581053789
2023-10-02,store_6,-1.1066744352029894,-1.3841686810618643,-1.1372813149755912
2023-10-03,store_6,-1.004071520767775,-1.363181721291025,-1.230430710715057
2023-10-04,store_6,-1.2815657666266502,-1.2535831535988644,-1.2052472131553431
2023-10-05,store_6,-1.342194761520186,-1.246587500341918,-1.0468817867692137
2023-10-06,store_6,-1.1766309677724536,-1.1253295105548464,-0.9376282183896014
2023-10-07,store_6,-0.7079221995570427,-0.7055903151380606,-0.6877882294595994
2023-10-08,store_6,-0.7405685814227927,-0.6426294358255427,-0.7577388415602592
2023-10-09,store_6,-1.3818367966428824,-1.1066744352029894,-1.3856207139115286
2023-10-10,store_6,-1.265242575693775,-1.004071520767775,-1.2250973047204248
2023-10-11,store_6,-1.2349280782470071,-1.2815657666266502,-1.263268797021414
2023-10-12,store_6,-1.3048846108164716,-1.342194761520186,-1.1954375683871905
2023-10-13,store_6,-1.2069454652192215,-1.1766309677724536,-1.0710988811074225
2023-10-14,store_6,-0.5400265213903284,-0.7079221995570427,-0.7170440399582939
2023-10-15,store_6,-0.8828135309807035,-0.7405685814227927,-0.7381250310893932
2023-10-16,store_6,-1.3212078017493467,-1.3818367966428824,-1.4528608403516112
2023-10-17,store_6,-1.3328672238442574,-1.265242575693775,-1.2443935073333972
2023-10-18,store_6,-1.342194761520186,-1.2349280782470071,-1.3237894210871217
2023-10-19,store_6,-1.2675744601127572,-1.3048846108164716,-1.3707355342637768
2023-10-20,store_6,-1.2349280782470071,-1.2069454652192215,-1.1755839669767467
2023-10-21,store_6,-0.5983236318648819,-0.5400265213903284,-0.7475856057465771
2023-10-22,store_6,-0.8501671491149535,-0.8828135309807035,-1.073417345540103
2023-10-23,store_6,-1.4051556408327035,-1.3212078017493467,-1.524549054969862
2023-10-24,store_6,-1.3865005654808469,-1.3328672238442574,-1.4449532906067502
2023-10-25,store_6,-1.230264309409043,-1.342194761520186,-1.3335867763068605
2023-10-26,store_6,-1.2838976510456324,-1.2675744601127572,-1.2143026059619464
2023-10-27,store_6,-1.1882903898673645,-1.2349280782470071,-1.1839210036842847
2023-10-28,store_6,-0.9131280284274714,-0.5983236318648819,-0.6625362939025533
2023-10-29,store_6,-0.8944729530756143,-0.8501671491149535,-1.0338087218305936
2023-10-30,store_6,-1.1859585054483823,-1.4051556408327035,-1.5349769247979286
2023-10-31,store_6,-1.0553729779853822,-1.3865005654808469,-0.7686744025558062
2023-11-01,store_6,-1.2022816963812573,-1.230264309409043,-1.2524812444327027
2023-11-02,store_6,-1.0856874754321502,-1.2838976510456324,-1.1195269651615047
2023-11-03,store_6,-1.0926831286890966,-1.1882903898673645,-0.858392061585313
2023-11-04,store_6,-0.5750047876750605,-0.9131280284274714,-0.6327779555910522
2023-11-05,store_6,-0.840839611439025,-0.8944729530756143,-0.678342096198919
2023-11-06,store_6,-1.3188759173303646,-1.1859585054483823,-1.2932062927009347
2023-11-07,store_6,-1.230264309409043,-1.0553729779853822,-1.3451133579371484
2023-11-08,store_6,-1.4308063694415074,-1.2022816963812573,-1.2056931236071118
2023-11-09,store_6,-1.3538541836150966,-1.0856874754321502,-1.1690718199661143
2023-11-10,store_6,-1.1766309677724536,-1.0926831286890966,-1.2044793132715716
2023-11-11,store_6,-0.7149178528139891,-0.5750047876750605,-0.7551040064349454
2023-11-12,store_6,-0.9877483298349,-0.840839611439025,-0.9058844186073283
2023-11-13,store_6,-1.4214788317655789,-1.3188759173303646,-1.475264949601794
2023-11-14,store_6,-1.3958281031567752,-1.230264309409043,-1.2416558775589843
2023-11-15,store_6,-1.3468585303581502,-1.4308063694415074,-1.2978030568249055
2023-11-16,store_6,-1.470448404564204,-1.3538541836150966,-1.2600128687499867
2023-11-17,store_6,-1.2559150380178463,-1.1766309677724536,-1.256901569228407
2023-11-18,store_6,-0.7848743853834534,-0.7149178528139891,-0.7022813159082543
2023-11-19,store_6,-0.9084642595895072,-0.9877483298349,-1.1810897062082328
2023-11-20,store_6,-1.360849836872043,-1.4214788317655789,-1.4419154521805846
2023-11-21,store_6,-1.4004918719947397,-1.3958281031567752,-1.369518542186478
2023-11-22,store_6,-1.3818367966428824,-1.3468585303581502,-1.3705155392426023
2023-11-23,store_6,-1.4284744850225253,-1.470448404564204,-1.274715574246349
2023-11-24,store_6,-1.1906222742863466,-1.2559150380178463,-1.3211242277220323
2023-11-25,store_6,-0.8245164205061499,-0.7848743853834534,-0.8204207405804768
2023-11-26,store_6,-0.95510194796915,-0.9084642595895072,-1.0729471145593779
2023-11-27,store_6,-1.4051556408327035,-1.360849836872043,-1.4521495023937687
2023-11-28,store_6,-1.398159987575757,-1.4004918719947397,-1.3947800836856632
2023-11-29,store_6,-1.5170860929438468,-1.3818367966428824,-1.3755800744815896
2023-11-30,store_6,-1.472780288983186,-1.4284744850225253,-1.3154471799061251
2023-08-10,store_7,0.7238548336979937,-1.0390497870525073,0.6102493695535269
2023-08-11,store_7,0.5116533515706186,0.5536272711122973,0.6930182118164223
2023-08-12,store_7,0.777488175334583,1.115611416086994,1.1944170987429525
2023-08-13,store_7,0.388063477364565,1.278843325415744,0.8060895417382984
2023-08-14,store_7,0.2015127238459935,0.3041156382812078,0.17360640523918125
2023-08-15,store_7,0.0242895080033505,0.6608939543854759,0.24785756909396345
2023-08-16,store_7,0.2551460654825828,1.1529215667907082,0.414218121539394
2023-08-17,store_7,0.3810678241076186,0.7238548336979937,0.017413553350838388
2023-08-18,store_7,0.0615996587070648,0.5116533515706186,0.5031925741408552
2023-08-19,store_7,0.2411547589686899,0.777488175334583,0.6589022459688826
2023-08-20,store_7,0.1082373470867077,0.388063477364565,0.5480452118830917
2023-08-21,store_7,-0.066653984336953,0.2015127238459935,0.16856860723574338
2023-08-22,store_7,-0.761555541193632,0.0242895080033505,0.2231422548921253
2023-08-23,store_7,0.0522721210311362,0.2551460654825828,0.14872702147533565
2023-08-24,store_7,0.1595388043043148,0.3810678241076186,0.2368704374569274
2023-08-25,store_7,0.4836707385428329,0.0615996587070648,0.27828814834252247
2023-08-26,store_7,0.548963502274333,0.2411547589686899,0.6763834918924567
2023-08-27,store_7,0.6678896076424223,0.1082373470867077,0.6000651154996249
2023-08-28,store_7,0.4090504371354043,-0.066653984336953,0.10393121014392112
2023-08-29,store_7,0.486002622961815,-0.761555541193632,0.18801208870837055
2023-08-30,store_7,0.8591041299989581,0.0522721210311362,0.6000107951641297
2023-08-31,store_7,0.9756983509480652,0.1595388043043148,0.9706840836839233
2023-09-01,store_7,1.1202751849249584,0.4836707385428329,0.8599309340340257
2023-09-02,store_7,1.309157822862512,0.548963502274333,1.4266245934053212
2023-09-03,store_7,1.3348085514713155,0.6678896076424223,1.284481478255485
2023-09-04,store_7,-0.0853090596888102,0.4090504371354043,0.26316519686640577
2023-09-05,store_7,0.2528141810636006,0.486002622961815,0.40380627888689313
2023-09-06,store_7,0.486002622961815,0.8591041299989581,0.01241363134649861
2023-09-07,store_7,0.1921851861700649,0.9756983509480652,0.07690341481105688
2023-09-08,store_7,0.2947881006052792,1.1202751849249584,0.35200243805890585
2023-09-09,store_7,0.6702214920614045,1.309157822862512,0.7409064381250003
2023-09-10,store_7,0.4906663917997793,1.3348085514713155,0.6467385507059832
2023-09-11,store_7,-0.3138337327490603,-0.0853090596888102,0.1294882646375936
2023-09-12,store_7,-0.0549945622420423,0.2528141810636006,0.2524287917947002
2023-09-13,store_7,0.355417095498815,0.486002622961815,0.4624674140051741
2023-09-14,store_7,0.6888765674132616,0.1921851861700649,0.6075542996690196
2023-09-15,store_7,1.376782471012994,0.2947881006052792,0.6844074779885146
2023-09-16,store_7,1.5656651089505478,0.6702214920614045,0.8832984510701806
2023-09-17,store_7,0.9127374716355474,0.4906663917997793,0.8980901814610434
2023-09-18,store_7,0.2341591057117435,-0.3138337327490603,0.07630365876835835
2023-09-19,store_7,0.3507533266608507,-0.0549945622420423,0.42228964189252155
2023-09-20,store_7,0.8124664416193152,0.355417095498815,0.3292877532371547
2023-09-21,store_7,0.3694084020127078,0.6888765674132616,0.5126073427885924
2023-09-22,store_7,0.8474447079040474,1.376782471012994,0.9902939065434277
2023-09-23,store_7,1.6076390284922264,1.5656651089505478,1.4342600068321634
2023-09-24,store_7,1.001349079556869,0.9127374716355474,1.1075120541924948
2023-09-25,store_7,0.5163171204085829,0.2341591057117435,0.31830424397932316
2023-09-26,store_7,0.5932693062349937,0.3507533266608507,0.40821257316739495
2023-09-27,store_7,0.145547497790422,0.8124664416193152,0.20299681558674412
2023-09-28,store_7,0.8381171702281188,0.3694084020127078,0.4425750504345983
2023-09-29,store_7,0.9174012404735116,0.8474447079040474,0.5856888874272599
2023-09-30,store_7,1.4327476970685655,1.6076390284922264,1.8452453495739887
2023-10-01,store_7,1.9061202341219408,1.001349079556869,1.3312714921416646
2023-10-02,store_7,0.8334534013901546,0.5163171204085829,0.25833030213886854
2023-10-03,store_7,1.101620109573101,0.5932693062349937,0.8665661426040032
2023-10-04,store_7,0.6422388790336188,0.145547497790422,0.7860702473561766
2023-10-05,store_7,0.7215229492790116,0.8381171702281188,0.6933760308979441
2023-10-06,store_7,1.068973727707351,0.9174012404735116,1.021690655661311
2023-10-07,store_7,1.76387528456403,1.4327476970685655,1.5322135020525327
2023-10-08,store_7,1.407096968459762,1.9061202341219408,1.5558295537360056
2023-10-09,store_7,0.4253736280682793,0.8334534013901546,0.15623553530833345
2023-10-10,store_7,0.5606229243692437,1.101620109573101,0.5629953907700942
2023-10-11,store_7,0.6189200348437973,0.6422388790336188,0.3751467302701665
2023-10-12,store_7,0.7868157130105117,0.7215229492790116,0.32713335792763043
2023-10-13,store_7,1.2252099837791548,1.068973727707351,0.9654213686858427
2023-10-14,store_7,2.3095362386058516,1.76387528456403,1.5629457719451936
2023-10-15,store_7,1.7918578975918158,1.407096968459762,1.5642665487118808
2023-10-16,store_7,0.3740721708506722,0.4253736280682793,-0.04442704047545805
2023-10-17,store_7,0.3577489799177971,0.5606229243692437,0.14185336302794974
2023-10-18,store_7,0.6585620699664937,0.6189200348437973,0.45690457900766773
2023-10-19,store_7,0.6585620699664937,0.7868157130105117,0.3798730382279509
2023-10-20,store_7,0.7401780246308688,1.2252099837791548,1.1086662239758664
2023-10-21,store_7,1.0596461900314225,2.3095362386058516,1.2881611243797166
2023-10-22,store_7,1.3651230489180834,1.7918578975918158,1.1313407635913213
2023-10-23,store_7,0.1805257640751542,0.3740721708506722,-0.013469345121896738
2023-10-24,store_7,0.5373040801794222,0.3577489799177971,0.04486496452922961
2023-10-25,store_7,0.4300373969062436,0.6585620699664937,0.43190004050064934
2023-10-26,store_7,0.5676185776261902,0.6585620699664937,0.34758910882983096
2023-10-27,store_7,0.8987461651216546,0.7401780246308688,0.6259702410189858
2023-10-28,store_7,0.8264577481332082,1.0596461900314225,0.6182617260939371
2023-10-29,store_7,0.5093214671516365,1.3651230489180834,0.4233990256051035
2023-10-30,store_7,0.0196257391653862,0.1805257640751542,0.16869316169577825
2023-10-31,store_7,0.905741818378601,0.5373040801794222,0.8741371445800206
2023-11-01,store_7,0.6515664167095473,0.4300373969062436,0.3255765353484441
2023-11-02,store_7,0.8124664416193152,0.5676185776261902,0.038014055611774546
2023-11-03,store_7,0.7238548336979937,0.8987461651216546,1.0731755083216623
2023-11-04,store_7,1.344136089147244,0.8264577481332082,1.2183400030688303
2023-11-05,store_7,1.4630621945153337,0.5093214671516365,0.7711613929178146
2023-11-06,store_7,-0.2555366222745067,0.0196257391653862,0.23633053655599814
2023-11-07,store_7,-0.0106887582813816,0.905741818378601,0.507189096248828
2023-11-08,store_7,-0.0876409441077923,0.6515664167095473,0.3584242822370819
2023-11-09,store_7,0.33909390456594,0.8124664416193152,0.37211803297236434
2023-11-10,store_7,0.4673475476099579,0.7238548336979937,0.616786205520987
2023-11-11,store_7,1.2741795565777798,1.344136089147244,1.2829911767038944
2023-11-12,store_7,1.2718476721587977,1.4630621945153337,1.4111596974373106
2023-11-13,store_7,-0.3767946120615782,-0.2555366222745067,-0.38785019632593193
2023-11-14,store_7,-0.0596583310800066,-0.0106887582813816,0.03959956178831972
2023-11-15,store_7,0.1991808394270113,-0.0876409441077923,0.19079876124205736
2023-11-16,store_7,0.1525431510473684,0.33909390456594,0.3167041225280777
2023-11-17,store_7,0.0942460405728148,0.4673475476099579,0.6231375690074281
2023-11-18,store_7,0.8614360144179403,1.2741795565777798,0.9601265638745956
2023-11-19,store_7,0.9896896574619582,1.2718476721587977,1.08198315678191
2023-11-20,store_7,-0.3767946120615782,-0.3767946120615782,-0.18564706836547884
2023-11-21,store_7,-0.0479989089850959,-0.0596583310800066,-0.005777442798160618
2023-11-22,store_7,-0.1669250143531852,0.1991808394270113,0.13682974068636455
2023-11-23,store_7,0.2341591057117435,0.1525431510473684,0.21324406181792954
2023-11-24,store_7,0.2481504122256363,0.0942460405728148,0.4033111935061033
2023-11-25,store_7,0.9640389288531546,0.8614360144179403,0.6852310896489268
2023-11-26,store_7,0.985025888623994,0.9896896574619582,0.653986142593221
2023-11-27,store_7,-0.1902438585430067,-0.3767946120615782,-0.15555674886308143
2023-11-28,store_7,-0.1482699390013281,-0.0479989089850959,0.06469402613250161
2023-11-29,store_7,-0.227554009246721,-0.1669250143531852,0.20285095437587283
2023-11-30,store_7,0.1875214173321006,0.2341591057117435,0.18921742959670088
2023-08-10,store_8,0.2201677991978506,0.5559591555312794,0.18362773270583438
2023-08-11,store_8,0.1665344575612613,0.4696794320289401,0.3615769778896446
2023-08-12,store_8,0.5046576983136722,1.0666418432883689,0.9263938643197223
2023-08-13,store_8,0.6002649594919401,1.5073679984759942,0.7309390514895381
2023-08-14,store_8,-0.2835192353022925,0.4416968190011543,0.008630036882968374
2023-08-15,store_8,-0.1506018234203102,0.4160460903923507,0.013952993006021189
2023-08-16,store_8,-0.4280960692791854,0.3530852110798329,0.14157343282036625
2023-08-17,store_8,-0.3394844613578639,0.2201677991978506,0.048491535555523185
2023-08-18,store_8,-0.2975105418161853,0.1665344575612613,0.23041328650975815
2023-08-19,store_8,-0.2345496625036674,0.5046576983136722,0.14098410860796443
2023-08-20,store_8,0.0779228496399398,0.6002649594919401,0.3358328340108797
2023-08-21,store_8,-0.3021743106541496,-0.2835192353022925,-0.24071823334498157
2023-08-22,store_8,-0.9364468726172928,-0.1506018234203102,-0.12942947438423016
2023-08-23,store_8,-0.388454034156489,-0.4280960692791854,-0.2720006876831229
2023-08-24,store_8,-0.3651351899666675,-0.3394844613578639,-0.08578166392850295
2023-08-25,store_8,-0.0316757180522209,-0.2975105418161853,-0.03841868458770191
2023-08-26,store_8,0.3320982513089935,-0.2345496625036674,0.21022788183958882
2023-08-27,store_8,0.8824229741887796,0.0779228496399398,0.390308206563932
2023-08-28,store_8,-0.1715887831911495,-0.3021743106541496,-0.06734549844348289
2023-08-29,store_8,0.0872503873158684,-0.9364468726172928,-0.06899122227014208
2023-08-30,store_8,0.2971199850242614,-0.388454034156489,-0.1553893180663331
2023-08-31,store_8,0.2738011408344399,-0.3651351899666675,0.05986162618820709
2023-09-01,store_8,0.6329113413576901,-0.0316757180522209,0.1874143817200859
2023-09-02,store_8,1.8571506613233155,0.3320982513089935,0.5817074547929982
2023-09-03,store_8,1.812844857362655,0.8824229741887796,1.3671238225295947
2023-09-04,store_8,0.0732590808019755,-0.1715887831911495,0.18110846285174745
2023-09-05,store_8,-0.1039641350406673,0.0872503873158684,0.3193358312441202
2023-09-06,store_8,0.0336170456792791,0.2971199850242614,-0.13766292639824648
2023-09-07,store_8,0.0755909652209577,0.2738011408344399,-0.1591316468672162
2023-09-08,store_8,0.161870688723297,0.6329113413576901,0.07300810976710229
2023-09-09,store_8,0.3320982513089935,1.8571506613233155,0.5595664822131272
2023-09-10,store_8,0.2598098343205471,1.812844857362655,0.7832399384038777
2023-09-11,store_8,-0.4257641848602033,0.0732590808019755,-0.21483703040018234
2023-09-12,store_8,-0.1342786324874352,-0.1039641350406673,-0.20480033748197746
2023-09-13,store_8,0.6399069946146366,0.0336170456792791,-0.008910230780759126
2023-09-14,store_8,0.2621417187395292,0.0755909652209577,0.13324929901664728
2023-09-15,store_8,0.420709859230315,0.161870688723297,0.44045999700243527
2023-09-16,store_8,0.5676185776261902,0.3320982513089935,0.8906661466963584
2023-09-17,store_8,0.8847548586077617,0.2598098343205471,0.5356178853506013
2023-09-18,store_8,-0.1739206676101317,-0.4257641848602033,-0.04750868970862547
2023-09-19,store_8,0.2994518694432435,-0.1342786324874352,0.10489737866235502
2023-09-20,store_8,0.0312851612602969,0.6399069946146366,0.13045829942188164
2023-09-21,store_8,0.2085083771029399,0.2621417187395292,-0.11367465420573804
2023-09-22,store_8,0.7075316427651187,0.420709859230315,0.7042981598682883
2023-09-23,store_8,1.7102419429274407,0.5676185776261902,1.0404470996419248
2023-09-24,store_8,1.9527579225015836,0.8847548586077617,1.1214698520735185
2023-09-25,store_8,0.1898533017510827,-0.1739206676101317,0.1891538162550265
2023-09-26,store_8,0.1968489550080292,0.2994518694432435,0.25558698077345976
2023-09-27,store_8,0.2178359147788685,0.0312851612602969,0.13577242941671508
2023-09-28,store_8,0.679549029737333,0.2085083771029399,0.3670685177641125
2023-09-29,store_8,0.6865446829942795,0.7075316427651187,0.5066334633723575
2023-09-30,store_8,1.3487998579852083,1.7102419429274407,1.8238988101553704
2023-10-01,store_8,1.8314999327145125,1.9527579225015836,1.7957983814460245
2023-10-02,store_8,0.6935403362512259,0.1898533017510827,0.31966662085784064
2023-10-03,store_8,1.3814462398509584,0.1968489550080292,0.7697364766494696
2023-10-04,store_8,0.5023258138946901,0.2178359147788685,0.4466814122999462
2023-10-05,store_8,0.4323692813252257,0.679549029737333,0.6085145484935226
2023-10-06,store_8,0.2294953368737792,0.6865446829942795,1.1266835589375808
2023-10-07,store_8,1.2392012902930476,1.3487998579852083,1.46362870689719
2023-10-08,store_8,2.085675334383566,1.8314999327145125,1.5960489330966008
2023-10-09,store_8,-0.0410032557281494,0.6935403362512259,0.23533725893907473
2023-10-10,store_8,0.0429445833552076,1.3814462398509584,0.41976588791649994
2023-10-11,store_8,-1.2419237315039535,0.5023258138946901,0.18289745178434802
2023-10-12,store_8,-1.0157309428626855,0.4323692813252257,-0.033823279774571405
2023-10-13,store_8,0.8684316676748867,0.2294953368737792,0.48748276884100256
2023-10-14,store_8,1.5819882998834227,1.2392012902930476,0.6649839759149342
2023-10-15,store_8,2.4727681479346018,2.085675334383566,1.4680659061379318
2023-10-16,store_8,0.2504822966446185,-0.0410032557281494,-0.2297393105271159
2023-10-17,store_8,0.210840261521922,0.0429445833552076,-0.06110342639635248
2023-10-18,store_8,0.2924562161862971,-1.2419237315039535,0.14162800783280197
2023-10-19,store_8,0.5862736529780472,-1.0157309428626855,0.42739307637380375
2023-10-20,store_8,0.6375751101956545,0.8684316676748867,0.92878189395064
2023-10-21,store_8,1.4164245061356906,1.5819882998834227,1.4859777369972702
2023-10-22,store_8,1.9550898069205656,2.4727681479346018,1.7062917933256085
2023-10-23,store_8,-0.292846772978221,0.2504822966446185,0.005161485401254135
2023-10-24,store_8,0.112901115924672,0.210840261521922,-0.22372498657406714
2023-10-25,store_8,0.2901243317673149,0.2924562161862971,0.09099118461042527
2023-10-26,store_8,0.5093214671516365,0.5862736529780472,0.19265677082564003
2023-10-27,store_8,0.7261867181169759,0.6375751101956545,0.6795548210028725
2023-10-28,store_8,0.6072606127488865,1.4164245061356906,0.7355639595519533
2023-10-29,store_8,1.0969563407351368,1.9550898069205656,0.7581870209209757
2023-10-30,store_8,-0.1086279038786316,-0.292846772978221,-0.033826769412652606
2023-10-31,store_8,0.4440287034201364,0.112901115924672,0.976825188289331
2023-11-01,store_8,0.1805257640751542,0.2901243317673149,0.1521487503381059
2023-11-02,store_8,0.2504822966446185,0.5093214671516365,-0.023925493124827845
2023-11-03,store_8,0.4137142059733686,0.7261867181169759,0.5132044686104791
2023-11-04,store_8,1.2625201344828691,0.6072606127488865,0.8988095642000159
2023-11-05,store_8,1.8991245808649944,1.0969563407351368,1.0374146701039586
2023-11-06,store_8,-0.3045061950731317,-0.1086279038786316,-0.01348029686844537
2023-11-07,store_8,-0.0759815220128816,0.4440287034201364,0.07317227641205079
2023-11-08,store_8,-0.1319467480684531,0.1805257640751542,-0.0030642925537714815
2023-11-09,store_8,-0.0456670245661137,0.2504822966446185,0.2277192715730211
2023-11-10,store_8,0.3600808643367792,0.4137142059733686,0.490580176167615
2023-11-11,store_8,1.488712923124137,1.2625201344828691,1.1733778130685186
2023-11-12,store_8,1.9037883497029584,1.8991245808649944,1.529150445950664
2023-11-13,store_8,-0.2741916976263639,-0.3045061950731317,-0.29056131779744143
2023-11-14,store_8,-0.0783134064318638,-0.0759815220128816,-0.165337541623102
2023-11-15,store_8,-0.145938054582346,-0.1319467480684531,0.052060102397343044
2023-11-16,store_8,0.0639315431260469,-0.0456670245661137,0.17785158354790756
2023-11-17,store_8,0.1898533017510827,0.3600808643367792,0.5547041729118974
2023-11-18,store_8,1.129602722600887,1.488712923124137,1.2265164581161931
2023-11-19,store_8,1.9061202341219408,1.9037883497029584,1.5751204972823387
2023-11-20,store_8,-0.2741916976263639,-0.2741916976263639,-0.41018016738217317
2023-11-21,store_8,-0.3184975015870246,-0.0783134064318638,-0.15423542555440636
2023-11-22,store_8,-0.1226192103925245,-0.145938054582346,0.04066329508346656
2023-11-23,store_8,-0.0246800647952744,0.0639315431260469,0.0035998033187529597
2023-11-24,store_8,0.1968489550080292,0.1898533017510827,0.43956008157130744
2023-11-25,store_8,1.211218677265262,1.129602722600887,0.948646439144424
2023-11-26,store_8,1.8105129729436729,1.9061202341219408,1.4094320417128041
2023-11-27,store_8,-0.1366105169064174,-0.2741916976263639,-0.27274653847605423
2023-11-28,store_8,-0.3068380794921139,-0.3184975015870246,-0.1361891665229027
2023-11-29,store_8,-0.2858511197212746,-0.1226192103925245,-0.14153381385004304
2023-11-30,store_8,0.0452764677741898,-0.0246800647952744,-0.09243670211002725
